article No. 	 Luhn Rouge1 	 Luhn Rouge2 	 TextRank-Word_count Rouge1 	 TextRank-Word_count Rouge2 	 TextRank-word2vec Rouge1 	 TextRank-word2vec Rouge2
0	0.54347826087	0.220338983051	0.5	0.169491525424	0.826086956522	0.474576271186
1	0.392857142857	0.133333333333	0.267857142857	0.0333333333333	0.267857142857	0.0666666666667
2	0.384615384615	0.216666666667	0.326923076923	0.1	0.403846153846	0.266666666667
3	0.305084745763	0.1	0.28813559322	0.0833333333333	0.305084745763	0.0833333333333
4	0.653846153846	0.372881355932	0.346153846154	0.0	0.653846153846	0.35593220339
5	0.586956521739	0.237288135593	0.304347826087	0.0508474576271	0.586956521739	0.254237288136
6	0.404255319149	0.118644067797	0.702127659574	0.457627118644	0.595744680851	0.372881355932
7	0.666666666667	0.338983050847	0.43137254902	0.118644067797	0.823529411765	0.559322033898
8	0.5	0.263157894737	0.5	0.263157894737	0.583333333333	0.333333333333
9	0.340909090909	0.19298245614	0.363636363636	0.19298245614	0.409090909091	0.19298245614
10	0.651162790698	0.310344827586	0.372093023256	0.0344827586207	0.511627906977	0.293103448276
11	0.510638297872	0.137931034483	0.489361702128	0.155172413793	0.468085106383	0.103448275862
12	0.425531914894	0.122807017544	0.425531914894	0.122807017544	0.489361702128	0.19298245614
13	0.434782608696	0.0666666666667	0.304347826087	0.0333333333333	0.521739130435	0.133333333333
14	0.32	0.228070175439	0.04	0.0	0.04	0.0
15	0.309523809524	0.0740740740741	0.428571428571	0.148148148148	0.428571428571	0.148148148148
16	0.571428571429	0.301886792453	0.595238095238	0.358490566038	0.690476190476	0.396226415094
17	0.553191489362	0.24	0.0425531914894	0.0	0.0425531914894	0.0
18	0.34693877551	0.0666666666667	0.265306122449	0.05	0.285714285714	0.1
19	0.630434782609	0.327586206897	0.478260869565	0.120689655172	0.586956521739	0.310344827586
20	0.478260869565	0.172413793103	0.391304347826	0.0862068965517	0.565217391304	0.258620689655
21	0.58	0.258620689655	0.58	0.275862068966	0.5	0.224137931034
22	0.5	0.135593220339	0.604166666667	0.423728813559	0.8125	0.627118644068
23	0.28	0.051724137931	0.34	0.0344827586207	0.46	0.120689655172
24	0.291666666667	0.0333333333333	0.3125	0.0833333333333	0.5625	0.3
25	0.533333333333	0.321428571429	0.311111111111	0.0535714285714	0.511111111111	0.321428571429
26	0.191489361702	0.0172413793103	0.276595744681	0.0172413793103	0.446808510638	0.310344827586
27	0.488372093023	0.363636363636	0.046511627907	0.0	0.046511627907	0.0
28	0.208333333333	0.105263157895	0.25	0.0175438596491	0.416666666667	0.245614035088
29	0.5	0.203703703704	0.4375	0.0740740740741	0.395833333333	0.166666666667
30	0.627906976744	0.4	0.0232558139535	0.0	0.0232558139535	0.0
31	0.295454545455	0.0377358490566	0.0454545454545	0.0	0.0454545454545	0.0
32	0.304347826087	0.12962962963	0.0434782608696	0.0	0.0434782608696	0.0
33	0.510638297872	0.137931034483	0.468085106383	0.120689655172	0.489361702128	0.137931034483
34	0.487179487179	0.34693877551	0.307692307692	0.102040816327	0.615384615385	0.428571428571
35	0.212765957447	0.0350877192982	0.0425531914894	0.0	0.0425531914894	0.0
36	0.34693877551	0.0714285714286	0.387755102041	0.0892857142857	0.632653061224	0.232142857143
37	0.632653061224	0.305084745763	0.448979591837	0.0508474576271	0.714285714286	0.406779661017
38	0.5	0.2	0.347826086957	0.133333333333	0.413043478261	0.0666666666667
39	0.31914893617	0.0526315789474	0.404255319149	0.105263157895	0.382978723404	0.140350877193
40	0.68085106383	0.410714285714	0.68085106383	0.339285714286	0.68085106383	0.410714285714
41	0.714285714286	0.339285714286	0.448979591837	0.0535714285714	0.612244897959	0.321428571429
42	0.6	0.25	0.466666666667	0.142857142857	0.688888888889	0.410714285714
43	0.295454545455	0.0925925925926	0.0227272727273	0.0	0.0227272727273	0.0
44	0.645833333333	0.372881355932	0.541666666667	0.203389830508	0.625	0.35593220339

46	0.418604651163	0.16	0.255813953488	0.04	0.604651162791	0.32
47	0.509803921569	0.396551724138	0.607843137255	0.465517241379	0.372549019608	0.0862068965517
48	0.522727272727	0.203389830508	0.545454545455	0.152542372881	0.522727272727	0.203389830508
49	0.395833333333	0.120689655172	0.0416666666667	0.0	0.0416666666667	0.0
50	0.18	0.0666666666667	0.26	0.1	0.46	0.283333333333
51	0.837837837838	0.636363636364	0.459459459459	0.181818181818	0.72972972973	0.581818181818
52	0.291666666667	0.120689655172	0.4375	0.120689655172	0.583333333333	0.293103448276
53	0.627450980392	0.327586206897	0.647058823529	0.327586206897	0.666666666667	0.362068965517
54	0.395833333333	0.135593220339	0.270833333333	0.0508474576271	0.583333333333	0.28813559322
55	0.54	0.372881355932	0.54	0.35593220339	0.28	0.0338983050847
56	0.30612244898	0.0338983050847	0.591836734694	0.35593220339	0.367346938776	0.0508474576271
57	0.54347826087	0.122807017544	0.478260869565	0.0701754385965	0.586956521739	0.19298245614
58	0.5	0.0862068965517	0.407407407407	0.103448275862	0.685185185185	0.465517241379
59	0.24	0.0	0.28	0.0350877192982	0.3	0.0526315789474
60	0.274509803922	0.0508474576271	0.313725490196	0.0	0.313725490196	0.0338983050847
61	0.489361702128	0.25	0.446808510638	0.178571428571	0.489361702128	0.25
62	0.5625	0.423728813559	0.520833333333	0.305084745763	0.833333333333	0.677966101695
63	0.42	0.0847457627119	0.52	0.271186440678	0.42	0.271186440678
64	0.436363636364	0.152542372881	0.309090909091	0.135593220339	0.345454545455	0.118644067797
65	0.178571428571	0.05	0.196428571429	0.0333333333333	0.232142857143	0.0166666666667
66	0.36170212766	0.0862068965517	0.446808510638	0.137931034483	0.489361702128	0.241379310345
67	0.52	0.259259259259	0.34	0.148148148148	0.86	0.685185185185
68	0.348837209302	0.145833333333	0.325581395349	0.125	0.604651162791	0.229166666667
69	0.148936170213	0.0	0.191489361702	0.0	0.489361702128	0.275862068966
70	0.387755102041	0.116666666667	0.265306122449	0.0833333333333	0.428571428571	0.15
71	0.43137254902	0.0526315789474	0.392156862745	0.0526315789474	0.333333333333	0.0175438596491
72	0.346153846154	0.0508474576271	0.269230769231	0.0169491525424	0.269230769231	0.0508474576271
73	0.279069767442	0.0392156862745	0.651162790698	0.333333333333	0.511627906977	0.274509803922
74	0.22	0.0169491525424	0.36	0.101694915254	0.38	0.186440677966
75	0.404255319149	0.1	0.212765957447	0.0166666666667	0.404255319149	0.1
76	0.304347826087	0.0892857142857	0.282608695652	0.107142857143	0.391304347826	0.178571428571
77	0.644444444444	0.301886792453	0.666666666667	0.301886792453	0.644444444444	0.283018867925
78	0.4	0.28813559322	0.04	0.0	0.04	0.0
79	0.666666666667	0.518518518519	0.642857142857	0.37037037037	0.666666666667	0.518518518519
80	0.382978723404	0.133333333333	0.276595744681	0.0333333333333	0.659574468085	0.483333333333
81	0.490196078431	0.263157894737	0.43137254902	0.19298245614	0.372549019608	0.140350877193
82	0.261904761905	0.0740740740741	0.357142857143	0.111111111111	0.285714285714	0.0555555555556

84	0.545454545455	0.316666666667	0.6	0.316666666667	0.545454545455	0.35
85	0.705882352941	0.245614035088	0.607843137255	0.19298245614	0.686274509804	0.210526315789
86	0.458333333333	0.0535714285714	0.4375	0.0178571428571	0.354166666667	0.0357142857143
87	0.30612244898	0.101694915254	0.34693877551	0.101694915254	0.30612244898	0.101694915254
88	0.686274509804	0.305084745763	0.725490196078	0.338983050847	0.588235294118	0.254237288136
89	0.372549019608	0.0833333333333	0.333333333333	0.0833333333333	0.509803921569	0.183333333333
90	0.347826086957	0.19298245614	0.0652173913043	0.0	0.0652173913043	0.0
91	0.265306122449	0.0333333333333	0.285714285714	0.05	0.489795918367	0.15
92	0.130434782609	0.0175438596491	0.0434782608696	0.0	0.0434782608696	0.0
93	0.446808510638	0.135593220339	0.574468085106	0.186440677966	0.297872340426	0.0508474576271
94	0.42	0.107142857143	0.42	0.107142857143	0.52	0.214285714286
95	0.191489361702	0.0363636363636	0.0425531914894	0.0	0.0425531914894	0.0
96	0.651162790698	0.365384615385	0.767441860465	0.365384615385	0.744186046512	0.365384615385
97	0.568181818182	0.436363636364	0.0454545454545	0.0	0.0454545454545	0.0
98	0.391304347826	0.107142857143	0.304347826087	0.0714285714286	0.239130434783	0.0178571428571
99	0.104166666667	0.0	0.416666666667	0.166666666667	0.270833333333	0.0666666666667

101	0.270833333333	0.0169491525424	0.5	0.237288135593	0.5625	0.372881355932
102	0.590909090909	0.40350877193	0.613636363636	0.421052631579	0.681818181818	0.614035087719
103	0.448979591837	0.133333333333	0.510204081633	0.116666666667	0.795918367347	0.333333333333
104	0.145454545455	0.0338983050847	0.309090909091	0.0847457627119	0.345454545455	0.0847457627119
105	0.4375	0.241379310345	0.0208333333333	0.0	0.0208333333333	0.0
106	0.551020408163	0.254545454545	0.469387755102	0.0909090909091	0.551020408163	0.254545454545
107	0.43137254902	0.220338983051	0.235294117647	0.0169491525424	0.490196078431	0.322033898305
108	0.641509433962	0.35	0.679245283019	0.35	0.905660377358	0.683333333333
109	0.2	0.0350877192982	0.22	0.0175438596491	0.5	0.245614035088

111	0.188679245283	0.0	0.490566037736	0.322033898305	0.22641509434	0.101694915254
112	0.520833333333	0.3	0.458333333333	0.133333333333	0.604166666667	0.416666666667
113	0.583333333333	0.366666666667	0.645833333333	0.383333333333	0.854166666667	0.683333333333
114	0.510204081633	0.224137931034	0.448979591837	0.0862068965517	0.469387755102	0.189655172414
115	0.480769230769	0.118644067797	0.538461538462	0.135593220339	0.634615384615	0.254237288136
116	0.288888888889	0.0714285714286	0.0222222222222	0.0	0.0222222222222	0.0
117	0.576923076923	0.362068965517	0.403846153846	0.0862068965517	0.634615384615	0.396551724138
118	0.340909090909	0.169811320755	0.363636363636	0.169811320755	0.545454545455	0.283018867925
119	0.604166666667	0.275862068966	0.520833333333	0.0689655172414	0.583333333333	0.258620689655
120	0.481481481481	0.25	0.481481481481	0.25	0.574074074074	0.283333333333
121	0.301886792453	0.0172413793103	0.528301886792	0.206896551724	0.377358490566	0.051724137931
122	0.458333333333	0.116666666667	0.5	0.133333333333	0.541666666667	0.266666666667
123	0.625	0.416666666667	0.145833333333	0.0166666666667	0.541666666667	0.383333333333
124	0.288888888889	0.0377358490566	0.311111111111	0.0754716981132	0.511111111111	0.339622641509
125	0.357142857143	0.0166666666667	0.392857142857	0.1	0.589285714286	0.233333333333
126	0.488372093023	0.0877192982456	0.209302325581	0.0175438596491	0.348837209302	0.0526315789474
127	0.533333333333	0.2	0.533333333333	0.272727272727	0.511111111111	0.145454545455
128	0.5	0.207547169811	0.520833333333	0.22641509434	0.5625	0.245283018868
129	0.52	0.172413793103	0.56	0.258620689655	0.6	0.275862068966
130	0.596153846154	0.366666666667	0.346153846154	0.0	0.307692307692	0.0333333333333
131	0.25	0.0892857142857	0.208333333333	0.0178571428571	0.354166666667	0.142857142857
132	0.454545454545	0.241379310345	0.363636363636	0.137931034483	0.590909090909	0.293103448276
133	0.6	0.406779661017	0.36	0.0508474576271	0.56	0.406779661017
134	0.565217391304	0.122807017544	0.434782608696	0.0350877192982	0.565217391304	0.122807017544
135	0.510204081633	0.216666666667	0.551020408163	0.1	0.448979591837	0.0666666666667
136	0.596153846154	0.457627118644	0.596153846154	0.457627118644	0.673076923077	0.491525423729
137	0.36	0.0909090909091	0.36	0.127272727273	0.3	0.0545454545455
138	0.478260869565	0.078431372549	0.478260869565	0.156862745098	0.54347826087	0.176470588235
139	0.482142857143	0.1	0.464285714286	0.116666666667	0.517857142857	0.366666666667
140	0.31914893617	0.0727272727273	0.234042553191	0.0545454545455	0.702127659574	0.490909090909
141	0.844444444444	0.690909090909	0.688888888889	0.472727272727	0.844444444444	0.690909090909
142	0.132075471698	0.0172413793103	0.566037735849	0.258620689655	0.754716981132	0.465517241379
143	0.333333333333	0.224137931034	0.0392156862745	0.0	0.0392156862745	0.0
144	0.458333333333	0.183333333333	0.479166666667	0.15	0.5625	0.316666666667
145	0.583333333333	0.379310344828	0.0416666666667	0.0	0.0416666666667	0.0
146	0.235294117647	0.0508474576271	0.235294117647	0.0338983050847	0.352941176471	0.118644067797
147	0.690476190476	0.407407407407	0.666666666667	0.407407407407	0.714285714286	0.407407407407
148	0.714285714286	0.431034482759	0.367346938776	0.103448275862	0.632653061224	0.362068965517

150	0.288461538462	0.166666666667	0.25	0.0333333333333	0.307692307692	0.15
151	0.46511627907	0.0892857142857	0.697674418605	0.446428571429	0.767441860465	0.464285714286
152	0.181818181818	0.0350877192982	0.0454545454545	0.0	0.0454545454545	0.0
153	0.333333333333	0.101694915254	0.274509803922	0.0847457627119	0.43137254902	0.186440677966
154	0.304347826087	0.0754716981132	0.326086956522	0.0754716981132	0.934782608696	0.792452830189
155	0.4	0.155172413793	0.511111111111	0.224137931034	0.377777777778	0.155172413793
156	0.448979591837	0.293103448276	0.448979591837	0.224137931034	0.448979591837	0.241379310345
157	0.64	0.133333333333	0.56	0.15	0.66	0.15
158	0.675	0.283018867925	0.65	0.264150943396	0.675	0.301886792453
159	0.272727272727	0.02	0.363636363636	0.04	0.431818181818	0.2
160	0.5625	0.293103448276	0.520833333333	0.120689655172	0.666666666667	0.344827586207
161	0.395348837209	0.0727272727273	0.418604651163	0.0363636363636	0.348837209302	0.0727272727273
162	0.339622641509	0.237288135593	0.0377358490566	0.0	0.0377358490566	0.0
163	0.255319148936	0.0	0.31914893617	0.0	0.829787234043	0.616666666667
164	0.265306122449	0.051724137931	0.0408163265306	0.0	0.0408163265306	0.0
165	0.468085106383	0.0689655172414	0.531914893617	0.0862068965517	0.36170212766	0.051724137931
166	0.395348837209	0.163636363636	0.279069767442	0.0363636363636	0.441860465116	0.163636363636
167	0.581395348837	0.265306122449	0.255813953488	0.0204081632653	0.651162790698	0.285714285714
168	0.4	0.237288135593	0.4	0.203389830508	0.466666666667	0.338983050847
169	0.32	0.105263157895	0.36	0.122807017544	0.36	0.157894736842

171	0.42	0.155172413793	0.72	0.362068965517	0.72	0.362068965517
172	0.733333333333	0.457627118644	0.733333333333	0.457627118644	0.866666666667	0.542372881356
173	0.340425531915	0.142857142857	0.468085106383	0.232142857143	0.510638297872	0.25
174	0.5	0.157894736842	0.576923076923	0.175438596491	0.576923076923	0.263157894737
175	0.0208333333333	0.0	0.0416666666667	0.0	0.0416666666667	0.0
176	0.734693877551	0.474576271186	0.755102040816	0.457627118644	0.755102040816	0.474576271186
177	0.36170212766	0.166666666667	0.468085106383	0.240740740741	0.340425531915	0.148148148148
178	0.530612244898	0.218181818182	0.448979591837	0.127272727273	0.571428571429	0.218181818182
179	0.4375	0.228070175439	0.5	0.228070175439	0.416666666667	0.210526315789
180	0.333333333333	0.101694915254	0.470588235294	0.203389830508	0.470588235294	0.203389830508
181	0.42	0.280701754386	0.44	0.280701754386	0.44	0.280701754386
182	0.565217391304	0.303571428571	0.478260869565	0.107142857143	0.652173913043	0.339285714286
183	0.372549019608	0.05	0.372549019608	0.05	0.352941176471	0.0666666666667
184	0.36170212766	0.0172413793103	0.276595744681	0.0	0.468085106383	0.189655172414
185	0.577777777778	0.181818181818	0.355555555556	0.0545454545455	0.555555555556	0.181818181818
186	0.178571428571	0.0	0.267857142857	0.0169491525424	0.464285714286	0.203389830508

188	0.416666666667	0.0961538461538	0.520833333333	0.230769230769	0.541666666667	0.0961538461538
189	0.469387755102	0.175438596491	0.265306122449	0.0175438596491	0.510204081633	0.175438596491
190	0.76	0.589285714286	0.5	0.160714285714	0.74	0.571428571429
191	0.36	0.0909090909091	0.46	0.2	0.3	0.127272727273
192	0.510638297872	0.0350877192982	0.382978723404	0.0526315789474	0.404255319149	0.122807017544
193	0.4	0.120689655172	0.0222222222222	0.0	0.0222222222222	0.0
194	0.22	0.0172413793103	0.22	0.0172413793103	0.32	0.0689655172414
195	0.433962264151	0.0677966101695	0.283018867925	0.0508474576271	0.339622641509	0.0338983050847
196	0.547169811321	0.224137931034	0.377358490566	0.0862068965517	0.471698113208	0.155172413793
197	0.240740740741	0.0169491525424	0.462962962963	0.220338983051	0.314814814815	0.0677966101695
198	0.372549019608	0.0847457627119	0.43137254902	0.186440677966	0.313725490196	0.101694915254
199	0.173913043478	0.0172413793103	0.0434782608696	0.0	0.0434782608696	0.0
200	0.509803921569	0.266666666667	0.235294117647	0.0333333333333	0.509803921569	0.266666666667
201	0.591836734694	0.303571428571	0.591836734694	0.285714285714	0.612244897959	0.303571428571
202	0.4	0.186440677966	0.4	0.169491525424	0.4	0.152542372881
203	0.395833333333	0.1	0.520833333333	0.116666666667	0.625	0.266666666667
204	0.32	0.0535714285714	0.26	0.0	0.4	0.0714285714286
205	0.208333333333	0.0172413793103	0.395833333333	0.293103448276	0.25	0.051724137931
206	0.1875	0.0338983050847	0.0416666666667	0.0	0.0416666666667	0.0
207	0.511627906977	0.267857142857	0.53488372093	0.232142857143	0.558139534884	0.357142857143
208	0.604651162791	0.192307692308	0.674418604651	0.192307692308	0.604651162791	0.230769230769
209	0.217391304348	0.0344827586207	0.369565217391	0.0862068965517	0.347826086957	0.103448275862
210	0.5	0.237288135593	0.458333333333	0.135593220339	0.5	0.237288135593
211	0.6	0.518518518519	0.0666666666667	0.0	0.0666666666667	0.0
212	0.489361702128	0.235294117647	0.489361702128	0.196078431373	0.531914893617	0.294117647059
213	0.574468085106	0.275862068966	0.446808510638	0.103448275862	0.382978723404	0.189655172414
214	0.530612244898	0.107142857143	0.489795918367	0.125	0.612244897959	0.196428571429
215	0.326923076923	0.0847457627119	0.192307692308	0.0169491525424	0.461538461538	0.186440677966
216	0.5625	0.315789473684	0.666666666667	0.438596491228	0.645833333333	0.421052631579
217	0.5625	0.320754716981	0.625	0.377358490566	0.708333333333	0.396226415094
218	0.44	0.241379310345	0.26	0.0862068965517	0.48	0.258620689655
219	0.588235294118	0.275862068966	0.627450980392	0.275862068966	0.549019607843	0.275862068966
220	0.583333333333	0.305084745763	0.583333333333	0.305084745763	0.5625	0.305084745763
221	0.326086956522	0.0714285714286	0.326086956522	0.0714285714286	0.565217391304	0.285714285714
222	0.547619047619	0.269230769231	0.0238095238095	0.0	0.0238095238095	0.0
223	0.765957446809	0.368421052632	0.31914893617	0.0350877192982	0.765957446809	0.368421052632
224	0.34693877551	0.1	0.448979591837	0.266666666667	0.612244897959	0.35
225	0.627450980392	0.327586206897	0.549019607843	0.310344827586	0.607843137255	0.293103448276
226	0.384615384615	0.0689655172414	0.576923076923	0.224137931034	0.480769230769	0.0862068965517
227	0.375	0.0508474576271	0.3125	0.0508474576271	0.5	0.271186440678
228	0.45652173913	0.125	0.5	0.178571428571	0.5	0.142857142857
229	0.372093023256	0.0384615384615	0.255813953488	0.0192307692308	0.372093023256	0.0961538461538
230	0.377358490566	0.0833333333333	0.283018867925	0.0	0.396226415094	0.0833333333333
231	0.386363636364	0.2	0.0454545454545	0.0	0.0454545454545	0.0
232	0.230769230769	0.051724137931	0.269230769231	0.0	0.269230769231	0.0344827586207
233	0.28	0.107142857143	0.26	0.0357142857143	0.38	0.107142857143
234	0.511111111111	0.203389830508	0.2	0.0169491525424	0.488888888889	0.203389830508
235	0.531914893617	0.407407407407	0.0425531914894	0.0	0.0425531914894	0.0
236	0.619047619048	0.314814814815	0.619047619048	0.296296296296	0.547619047619	0.314814814815
237	0.211538461538	0.05	0.288461538462	0.0333333333333	0.403846153846	0.233333333333
238	0.529411764706	0.237288135593	0.705882352941	0.440677966102	0.647058823529	0.389830508475
239	0.533333333333	0.322033898305	0.0444444444444	0.0	0.0444444444444	0.0
240	0.645833333333	0.310344827586	0.666666666667	0.241379310345	0.770833333333	0.431034482759
241	0.234042553191	0.0172413793103	0.553191489362	0.344827586207	0.531914893617	0.344827586207
242	0.230769230769	0.0508474576271	0.0384615384615	0.0	0.0384615384615	0.0
243	0.431818181818	0.117647058824	0.363636363636	0.078431372549	0.431818181818	0.117647058824
244	0.211538461538	0.051724137931	0.25	0.0172413793103	0.461538461538	0.310344827586
245	0.21568627451	0.0178571428571	0.176470588235	0.0	0.509803921569	0.178571428571
246	0.619047619048	0.204081632653	0.547619047619	0.204081632653	0.666666666667	0.265306122449
247	0.625	0.396551724138	0.4375	0.258620689655	0.625	0.396551724138
248	0.489795918367	0.232142857143	0.0408163265306	0.0	0.0408163265306	0.0
249	0.372549019608	0.118644067797	0.450980392157	0.135593220339	0.529411764706	0.271186440678
250	0.568181818182	0.241379310345	0.636363636364	0.310344827586	0.795454545455	0.396551724138
251	0.5	0.275862068966	0.416666666667	0.0689655172414	0.395833333333	0.103448275862
252	0.519230769231	0.293103448276	0.5	0.120689655172	0.307692307692	0.051724137931

254	0.591836734694	0.266666666667	0.591836734694	0.25	0.632653061224	0.283333333333
255	0.489361702128	0.333333333333	0.063829787234	0.0	0.063829787234	0.0
256	0.294117647059	0.172413793103	0.0392156862745	0.0	0.0392156862745	0.0
257	0.32	0.15	0.26	0.05	0.46	0.183333333333

259	0.439024390244	0.25	0.463414634146	0.230769230769	0.146341463415	0.0
260	0.333333333333	0.140350877193	0.5625	0.421052631579	0.3125	0.122807017544
261	0.326086956522	0.103448275862	0.565217391304	0.275862068966	0.45652173913	0.155172413793
262	0.53488372093	0.267857142857	0.53488372093	0.267857142857	0.581395348837	0.303571428571
263	0.520833333333	0.214285714286	0.5	0.178571428571	0.604166666667	0.321428571429
264	0.358490566038	0.0338983050847	0.283018867925	0.0169491525424	0.320754716981	0.0338983050847
265	0.48	0.103448275862	0.56	0.224137931034	0.62	0.396551724138
266	0.274509803922	0.0833333333333	0.333333333333	0.1	0.274509803922	0.05
267	0.565217391304	0.122807017544	0.739130434783	0.350877192982	0.717391304348	0.350877192982
268	0.585365853659	0.211538461538	0.512195121951	0.153846153846	0.487804878049	0.134615384615
269	0.42	0.263157894737	0.44	0.245614035088	0.26	0.0
270	0.313725490196	0.0666666666667	0.490196078431	0.233333333333	0.313725490196	0.05
271	0.274509803922	0.0166666666667	0.450980392157	0.1	0.686274509804	0.416666666667
272	0.46	0.206896551724	0.32	0.0344827586207	0.26	0.0344827586207
273	0.388888888889	0.0338983050847	0.37037037037	0.0338983050847	0.37037037037	0.0169491525424
274	0.547619047619	0.425531914894	0.333333333333	0.0851063829787	0.761904761905	0.574468085106
275	0.522727272727	0.277777777778	0.522727272727	0.296296296296	0.681818181818	0.444444444444
276	0.54	0.35593220339	0.6	0.389830508475	0.52	0.322033898305
277	0.446808510638	0.0847457627119	0.446808510638	0.0847457627119	0.446808510638	0.101694915254
278	0.290909090909	0.0689655172414	0.527272727273	0.293103448276	0.290909090909	0.0689655172414
279	0.240740740741	0.0338983050847	0.481481481481	0.338983050847	0.722222222222	0.610169491525
280	0.510204081633	0.137931034483	0.510204081633	0.137931034483	0.367346938776	0.0862068965517
281	0.208333333333	0.0169491525424	0.395833333333	0.203389830508	0.375	0.186440677966
282	0.348837209302	0.0892857142857	0.372093023256	0.125	0.325581395349	0.107142857143
283	0.391304347826	0.189655172414	0.347826086957	0.120689655172	0.369565217391	0.137931034483
284	0.423076923077	0.35	0.307692307692	0.166666666667	0.423076923077	0.35
285	0.551020408163	0.25	0.530612244898	0.232142857143	0.632653061224	0.375
286	0.673469387755	0.413793103448	0.469387755102	0.0689655172414	0.591836734694	0.206896551724
287	0.204081632653	0.0	0.632653061224	0.305084745763	0.551020408163	0.305084745763
288	0.470588235294	0.105263157895	0.470588235294	0.105263157895	0.450980392157	0.140350877193
289	0.490196078431	0.237288135593	0.490196078431	0.237288135593	0.313725490196	0.0508474576271
290	0.479166666667	0.2	0.4375	0.181818181818	0.479166666667	0.2
291	0.207547169811	0.0	0.377358490566	0.196721311475	0.207547169811	0.016393442623
292	0.372549019608	0.0833333333333	0.372549019608	0.0833333333333	0.392156862745	0.0666666666667
293	0.44	0.203389830508	0.16	0.0	0.46	0.203389830508
294	0.346153846154	0.135593220339	0.326923076923	0.152542372881	0.346153846154	0.135593220339

296	0.530612244898	0.322033898305	0.571428571429	0.322033898305	0.734693877551	0.440677966102
297	0.519230769231	0.186440677966	0.423076923077	0.135593220339	0.480769230769	0.169491525424
298	0.355555555556	0.135593220339	0.422222222222	0.135593220339	0.355555555556	0.135593220339
299	0.36	0.206896551724	0.16	0.0	0.5	0.344827586207
300	0.529411764706	0.283333333333	0.529411764706	0.283333333333	0.56862745098	0.366666666667
301	0.68	0.241379310345	0.32	0.0	0.66	0.258620689655
302	0.0204081632653	0.0	0.0408163265306	0.0	0.0408163265306	0.0
303	0.462962962963	0.2	0.444444444444	0.183333333333	0.611111111111	0.35
304	0.279069767442	0.0178571428571	0.395348837209	0.0714285714286	0.511627906977	0.267857142857
305	0.0625	0.0	0.6875	0.51724137931	0.6875	0.51724137931
306	0.5	0.25	0.5	0.25	0.522727272727	0.216666666667
307	0.21568627451	0.0333333333333	0.411764705882	0.183333333333	0.549019607843	0.283333333333
308	0.367346938776	0.0677966101695	0.0204081632653	0.0	0.0204081632653	0.0
309	0.454545454545	0.183333333333	0.163636363636	0.0166666666667	0.290909090909	0.05
310	0.576923076923	0.216666666667	0.634615384615	0.333333333333	0.807692307692	0.483333333333
311	0.636363636364	0.224137931034	0.568181818182	0.206896551724	0.681818181818	0.224137931034
312	0.291666666667	0.0338983050847	0.354166666667	0.0338983050847	0.270833333333	0.0169491525424
313	0.52	0.344827586207	0.58	0.379310344828	0.62	0.448275862069
314	0.714285714286	0.457627118644	0.591836734694	0.28813559322	0.673469387755	0.423728813559
315	0.586956521739	0.233333333333	0.347826086957	0.166666666667	0.0434782608696	0.0
316	0.395833333333	0.142857142857	0.458333333333	0.142857142857	0.416666666667	0.285714285714
317	0.173913043478	0.0178571428571	0.0434782608696	0.0	0.0434782608696	0.0
318	0.431818181818	0.166666666667	0.5	0.148148148148	0.545454545455	0.185185185185
319	0.21568627451	0.0172413793103	0.372549019608	0.120689655172	0.313725490196	0.0172413793103
320	0.22641509434	0.0166666666667	0.283018867925	0.0333333333333	0.377358490566	0.116666666667
321	0.4	0.0862068965517	0.18	0.0172413793103	0.38	0.120689655172
322	0.387755102041	0.127272727273	0.428571428571	0.145454545455	0.530612244898	0.236363636364
323	0.395833333333	0.0666666666667	0.395833333333	0.2	0.354166666667	0.116666666667
324	0.375	0.178571428571	0.0416666666667	0.0	0.0416666666667	0.0
325	0.326530612245	0.05	0.367346938776	0.0833333333333	0.408163265306	0.133333333333
326	0.6875	0.339622641509	0.666666666667	0.339622641509	0.770833333333	0.452830188679
327	0.326086956522	0.0689655172414	0.391304347826	0.137931034483	0.347826086957	0.0862068965517
328	0.311111111111	0.051724137931	0.355555555556	0.051724137931	0.355555555556	0.051724137931
329	0.673076923077	0.280701754386	0.711538461538	0.263157894737	0.807692307692	0.421052631579
330	0.313725490196	0.0178571428571	0.372549019608	0.0535714285714	0.411764705882	0.125
331	0.5	0.236363636364	0.804347826087	0.6	0.695652173913	0.527272727273
332	0.423076923077	0.0172413793103	0.365384615385	0.051724137931	0.288461538462	0.0172413793103
333	0.530612244898	0.155172413793	0.489795918367	0.103448275862	0.571428571429	0.155172413793
334	0.444444444444	0.237288135593	0.466666666667	0.169491525424	0.666666666667	0.372881355932
335	0.340909090909	0.0714285714286	0.0454545454545	0.0	0.0454545454545	0.0
336	0.478260869565	0.103448275862	0.54347826087	0.103448275862	0.608695652174	0.172413793103
337	0.509803921569	0.285714285714	0.411764705882	0.142857142857	0.705882352941	0.464285714286
338	0.644444444444	0.22	0.555555555556	0.2	0.666666666667	0.2
339	0.307692307692	0.118644067797	0.192307692308	0.0508474576271	0.269230769231	0.118644067797
340	0.586956521739	0.290909090909	0.391304347826	0.0363636363636	0.695652173913	0.509090909091
341	0.183673469388	0.0	0.0612244897959	0.0	0.0612244897959	0.0
342	0.166666666667	0.0169491525424	0.25	0.0677966101695	0.25	0.0338983050847
343	0.1875	0.0	0.03125	0.0	0.03125	0.0
344	0.509803921569	0.172413793103	0.490196078431	0.172413793103	0.529411764706	0.172413793103
345	0.346153846154	0.137931034483	0.346153846154	0.0689655172414	0.346153846154	0.137931034483
346	0.211538461538	0.0666666666667	0.230769230769	0.05	0.25	0.1
347	0.270833333333	0.0172413793103	0.229166666667	0.0172413793103	0.270833333333	0.0172413793103
348	0.285714285714	0.0	0.333333333333	0.0196078431373	0.380952380952	0.0588235294118
349	0.468085106383	0.118644067797	0.382978723404	0.0338983050847	0.489361702128	0.152542372881
350	0.358490566038	0.118644067797	0.301886792453	0.0	0.377358490566	0.101694915254
351	0.346153846154	0.0677966101695	0.384615384615	0.0847457627119	0.326923076923	0.0677966101695
352	0.386363636364	0.0862068965517	0.363636363636	0.0689655172414	0.590909090909	0.327586206897
353	0.2	0.0188679245283	0.0666666666667	0.0	0.0444444444444	0.0
354	0.717391304348	0.464285714286	0.5	0.178571428571	0.695652173913	0.410714285714
355	0.26	0.0169491525424	0.24	0.0338983050847	0.24	0.0169491525424
356	0.586956521739	0.178571428571	0.391304347826	0.0535714285714	0.652173913043	0.196428571429
357	0.269230769231	0.0677966101695	0.230769230769	0.0508474576271	0.269230769231	0.0
358	0.66	0.454545454545	0.66	0.418181818182	0.76	0.6
359	0.744680851064	0.25	0.531914893617	0.15	0.765957446809	0.3
360	0.415094339623	0.0833333333333	0.415094339623	0.0833333333333	0.11320754717	0.0166666666667
361	0.416666666667	0.163636363636	0.458333333333	0.163636363636	0.458333333333	0.163636363636
362	0.4	0.181818181818	0.04	0.0	0.04	0.0
363	0.275862068966	0.0338983050847	0.275862068966	0.0338983050847	0.172413793103	0.0338983050847
364	0.384615384615	0.0344827586207	0.480769230769	0.120689655172	0.692307692308	0.258620689655
365	0.533333333333	0.22641509434	0.6	0.320754716981	0.511111111111	0.207547169811
366	0.625	0.35593220339	0.625	0.322033898305	0.666666666667	0.423728813559
367	0.44	0.0833333333333	0.64	0.45	0.7	0.45
368	0.4	0.1	0.327272727273	0.0333333333333	0.309090909091	0.05
369	0.408163265306	0.152542372881	0.551020408163	0.169491525424	0.510204081633	0.169491525424
370	0.192307692308	0.0508474576271	0.0576923076923	0.0	0.0576923076923	0.0
371	0.307692307692	0.0166666666667	0.269230769231	0.0166666666667	0.230769230769	0.0
372	0.442307692308	0.285714285714	0.346153846154	0.0357142857143	0.769230769231	0.660714285714
373	0.382978723404	0.181818181818	0.404255319149	0.145454545455	0.489361702128	0.236363636364
374	0.673076923077	0.440677966102	0.615384615385	0.35593220339	0.423076923077	0.101694915254
375	0.38	0.116666666667	0.36	0.116666666667	0.34	0.116666666667
376	0.541666666667	0.25	0.395833333333	0.116666666667	0.583333333333	0.216666666667
377	0.339622641509	0.203389830508	0.452830188679	0.271186440678	0.452830188679	0.271186440678
378	0.564102564103	0.208333333333	0.564102564103	0.229166666667	0.692307692308	0.416666666667
379	0.26	0.0166666666667	0.04	0.0	0.04	0.0
380	0.521739130435	0.309090909091	0.673913043478	0.509090909091	0.478260869565	0.290909090909
381	0.734693877551	0.406779661017	0.448979591837	0.0677966101695	0.734693877551	0.389830508475
382	0.533333333333	0.280701754386	0.6	0.298245614035	0.8	0.438596491228
383	0.4	0.0666666666667	0.42	0.1	0.5	0.1
384	0.519230769231	0.254237288136	0.423076923077	0.152542372881	0.538461538462	0.271186440678
385	0.38	0.206896551724	0.04	0.0	0.04	0.0
386	0.551020408163	0.172413793103	0.489795918367	0.206896551724	0.69387755102	0.379310344828
387	0.595744680851	0.298245614035	0.489361702128	0.280701754386	0.531914893617	0.298245614035
388	0.808510638298	0.457627118644	0.446808510638	0.101694915254	0.765957446809	0.423728813559
389	0.409090909091	0.345454545455	0.136363636364	0.0	0.227272727273	0.0181818181818
390	0.644444444444	0.574074074074	0.4	0.12962962963	0.644444444444	0.574074074074
391	0.333333333333	0.137931034483	0.294117647059	0.0689655172414	0.490196078431	0.224137931034
392	0.428571428571	0.135593220339	0.489795918367	0.338983050847	0.428571428571	0.169491525424
393	0.733333333333	0.438596491228	0.711111111111	0.350877192982	0.622222222222	0.438596491228
394	0.408163265306	0.0714285714286	0.34693877551	0.0	0.408163265306	0.0535714285714
395	0.288461538462	0.118644067797	0.0384615384615	0.0	0.0384615384615	0.0
396	0.265306122449	0.1	0.0408163265306	0.0	0.0408163265306	0.0
397	0.547169811321	0.379310344828	0.377358490566	0.120689655172	0.792452830189	0.568965517241
398	0.355555555556	0.134615384615	0.2	0.0	0.333333333333	0.134615384615
399	0.675	0.326530612245	0.675	0.326530612245	0.7	0.326530612245
400	0.34693877551	0.0689655172414	0.30612244898	0.155172413793	0.367346938776	0.120689655172
401	0.410256410256	0.0769230769231	0.25641025641	0.0384615384615	0.282051282051	0.0384615384615
402	0.348837209302	0.078431372549	0.046511627907	0.0	0.046511627907	0.0
403	0.448979591837	0.321428571429	0.612244897959	0.517857142857	0.571428571429	0.392857142857
404	0.622641509434	0.3	0.603773584906	0.266666666667	0.584905660377	0.25
405	0.6	0.321428571429	0.355555555556	0.178571428571	0.711111111111	0.464285714286
406	0.307692307692	0.0175438596491	0.384615384615	0.0350877192982	0.288461538462	0.0350877192982
407	0.311111111111	0.0689655172414	0.311111111111	0.0689655172414	0.488888888889	0.155172413793
408	0.520833333333	0.169491525424	0.4375	0.186440677966	0.479166666667	0.152542372881
409	0.425531914894	0.272727272727	0.446808510638	0.272727272727	0.531914893617	0.309090909091
410	0.16	0.0166666666667	0.42	0.166666666667	0.4	0.15
411	0.270833333333	0.0892857142857	0.291666666667	0.0714285714286	0.229166666667	0.0357142857143
412	0.266666666667	0.0862068965517	0.333333333333	0.0862068965517	0.422222222222	0.120689655172
413	0.25	0.0204081632653	0.275	0.0204081632653	0.275	0.0204081632653
414	0.479166666667	0.0909090909091	0.5	0.0909090909091	0.458333333333	0.109090909091
415	0.704545454545	0.491525423729	0.704545454545	0.491525423729	0.931818181818	0.830508474576
416	0.468085106383	0.183333333333	0.404255319149	0.116666666667	0.0425531914894	0.0
417	0.244444444444	0.0172413793103	0.0222222222222	0.0	0.0222222222222	0.0
418	0.211538461538	0.0333333333333	0.480769230769	0.35	0.326923076923	0.0666666666667
419	0.244444444444	0.0847457627119	0.0444444444444	0.0	0.0444444444444	0.0
420	0.56862745098	0.305084745763	0.470588235294	0.203389830508	0.607843137255	0.305084745763
421	0.510204081633	0.224137931034	0.510204081633	0.224137931034	0.408163265306	0.189655172414
422	0.489795918367	0.28813559322	0.591836734694	0.338983050847	0.571428571429	0.305084745763
423	0.659574468085	0.35593220339	0.425531914894	0.0847457627119	0.489361702128	0.186440677966
424	0.304347826087	0.0172413793103	0.326086956522	0.0172413793103	0.260869565217	0.0172413793103
425	0.636363636364	0.48275862069	0.363636363636	0.051724137931	0.590909090909	0.413793103448
426	0.137254901961	0.0166666666667	0.0392156862745	0.0	0.0392156862745	0.0
427	0.222222222222	0.0535714285714	0.0444444444444	0.0	0.0444444444444	0.0
428	0.36	0.0169491525424	0.24	0.0169491525424	0.28	0.0169491525424
429	0.659090909091	0.339622641509	0.431818181818	0.0754716981132	0.727272727273	0.396226415094
430	0.511627906977	0.169811320755	0.511627906977	0.169811320755	0.348837209302	0.0754716981132
431	0.565217391304	0.433962264151	0.760869565217	0.566037735849	0.847826086957	0.622641509434
432	0.444444444444	0.0909090909091	0.444444444444	0.0909090909091	0.377777777778	0.109090909091
433	0.5	0.307692307692	0.0227272727273	0.0	0.0227272727273	0.0
434	0.351351351351	0.0740740740741	0.027027027027	0.0	0.027027027027	0.0
435	0.291666666667	0.152542372881	0.291666666667	0.0677966101695	0.354166666667	0.169491525424
436	0.791666666667	0.280701754386	0.770833333333	0.245614035088	0.770833333333	0.263157894737
437	0.444444444444	0.109090909091	0.288888888889	0.0363636363636	0.533333333333	0.0909090909091
438	0.595744680851	0.157894736842	0.425531914894	0.0701754385965	0.574468085106	0.175438596491
439	0.404255319149	0.0508474576271	0.382978723404	0.0508474576271	0.468085106383	0.101694915254
440	0.584905660377	0.316666666667	0.622641509434	0.3	0.622641509434	0.35
441	0.225	0.02	0.075	0.0	0.075	0.0
442	0.416666666667	0.206896551724	0.229166666667	0.0344827586207	0.541666666667	0.241379310345
443	0.446808510638	0.237288135593	0.0425531914894	0.0	0.0425531914894	0.0
444	0.461538461538	0.237288135593	0.5	0.237288135593	0.403846153846	0.237288135593
445	0.729166666667	0.333333333333	0.75	0.333333333333	0.729166666667	0.3

447	0.166666666667	0.0172413793103	0.25	0.051724137931	0.520833333333	0.241379310345
448	0.16	0.0	0.2	0.0	0.28	0.101694915254
449	0.586956521739	0.490909090909	0.0217391304348	0.0	0.0217391304348	0.0
450	0.489795918367	0.2	0.387755102041	0.0333333333333	0.408163265306	0.183333333333
451	0.409090909091	0.0754716981132	0.409090909091	0.0566037735849	0.545454545455	0.207547169811
452	0.404255319149	0.206896551724	0.382978723404	0.120689655172	0.510638297872	0.172413793103
453	0.604651162791	0.254545454545	0.651162790698	0.272727272727	0.767441860465	0.436363636364
454	0.375	0.169811320755	0.425	0.150943396226	0.425	0.132075471698
455	0.659574468085	0.254237288136	0.446808510638	0.0847457627119	0.489361702128	0.169491525424
456	0.347826086957	0.103448275862	0.391304347826	0.103448275862	0.5	0.172413793103
457	0.490909090909	0.220338983051	0.618181818182	0.338983050847	0.472727272727	0.203389830508
458	0.382978723404	0.0754716981132	0.36170212766	0.0566037735849	0.382978723404	0.0754716981132
459	0.444444444444	0.0769230769231	0.555555555556	0.0769230769231	0.466666666667	0.0576923076923
460	0.340909090909	0.0	0.681818181818	0.396551724138	0.590909090909	0.275862068966
461	0.792452830189	0.627118644068	0.301886792453	0.0169491525424	0.660377358491	0.474576271186
462	0.4	0.0689655172414	0.3	0.0172413793103	0.68	0.362068965517
463	0.413043478261	0.259259259259	0.282608695652	0.0740740740741	0.739130434783	0.555555555556
464	0.354166666667	0.0909090909091	0.479166666667	0.254545454545	0.604166666667	0.309090909091
465	0.553191489362	0.19298245614	0.31914893617	0.0701754385965	0.574468085106	0.263157894737
466	0.444444444444	0.169811320755	0.444444444444	0.169811320755	0.511111111111	0.245283018868
467	0.64	0.280701754386	0.38	0.105263157895	0.64	0.280701754386
468	0.276595744681	0.0338983050847	0.340425531915	0.0677966101695	0.595744680851	0.491525423729
469	0.6	0.117647058824	0.644444444444	0.196078431373	0.488888888889	0.196078431373
470	0.704545454545	0.290909090909	0.727272727273	0.418181818182	0.681818181818	0.363636363636

472	0.219512195122	0.02	0.0243902439024	0.0	0.0243902439024	0.0
473	0.702127659574	0.333333333333	0.531914893617	0.210526315789	0.702127659574	0.333333333333
474	0.46511627907	0.22641509434	0.604651162791	0.358490566038	0.53488372093	0.301886792453
475	0.428571428571	0.109090909091	0.428571428571	0.0909090909091	0.404761904762	0.0909090909091
476	0.333333333333	0.203389830508	0.222222222222	0.0338983050847	0.355555555556	0.186440677966
477	0.382978723404	0.266666666667	0.0425531914894	0.0	0.0425531914894	0.0
478	0.54	0.293103448276	0.54	0.224137931034	0.78	0.5
479	0.470588235294	0.118644067797	0.470588235294	0.118644067797	0.490196078431	0.152542372881
480	0.681818181818	0.559322033898	0.227272727273	0.0	0.659090909091	0.491525423729
481	0.234042553191	0.051724137931	0.0425531914894	0.0	0.0425531914894	0.0
482	0.3125	0.0377358490566	0.3125	0.0377358490566	0.3125	0.0566037735849
483	0.530612244898	0.263157894737	0.734693877551	0.526315789474	0.734693877551	0.526315789474
484	0.170212765957	0.0	0.0425531914894	0.0	0.0425531914894	0.0
485	0.755555555556	0.245283018868	0.688888888889	0.22641509434	0.644444444444	0.245283018868
486	0.181818181818	0.0192307692308	0.0227272727273	0.0	0.0227272727273	0.0
487	0.31914893617	0.122807017544	0.234042553191	0.0175438596491	0.31914893617	0.122807017544
488	0.553191489362	0.120689655172	0.531914893617	0.224137931034	0.446808510638	0.0862068965517
489	0.244897959184	0.1	0.30612244898	0.1	0.30612244898	0.0833333333333
490	0.615384615385	0.218181818182	0.307692307692	0.0363636363636	0.487179487179	0.0909090909091
491	0.604166666667	0.210526315789	0.645833333333	0.350877192982	0.583333333333	0.280701754386
492	0.422222222222	0.109090909091	0.422222222222	0.109090909091	0.555555555556	0.236363636364
493	0.604651162791	0.150943396226	0.53488372093	0.0943396226415	0.488372093023	0.150943396226
494	0.717391304348	0.264150943396	0.652173913043	0.169811320755	0.5	0.150943396226
495	0.607843137255	0.118644067797	0.725490196078	0.186440677966	0.450980392157	0.0677966101695
496	0.636363636364	0.392857142857	0.318181818182	0.0178571428571	0.613636363636	0.392857142857
497	0.272727272727	0.0576923076923	0.0454545454545	0.0	0.0454545454545	0.0
498	0.558139534884	0.25	0.604651162791	0.232142857143	0.604651162791	0.392857142857
499	0.244897959184	0.0338983050847	0.0408163265306	0.0	0.0612244897959	0.0
500	0.408163265306	0.155172413793	0.30612244898	0.0862068965517	0.34693877551	0.137931034483

502	0.489361702128	0.169491525424	0.446808510638	0.203389830508	0.531914893617	0.237288135593
503	0.28	0.0689655172414	0.38	0.120689655172	0.36	0.103448275862
504	0.541666666667	0.220338983051	0.541666666667	0.220338983051	0.458333333333	0.220338983051
505	0.411764705882	0.101694915254	0.490196078431	0.101694915254	0.509803921569	0.237288135593
506	0.352941176471	0.0666666666667	0.470588235294	0.0833333333333	0.372549019608	0.0333333333333
507	0.372549019608	0.186440677966	0.352941176471	0.0677966101695	0.372549019608	0.186440677966
508	0.36170212766	0.0677966101695	0.404255319149	0.0508474576271	0.744680851064	0.491525423729
509	0.283018867925	0.0166666666667	0.207547169811	0.0166666666667	0.22641509434	0.0333333333333
510	0.458333333333	0.224137931034	0.458333333333	0.189655172414	0.520833333333	0.189655172414
511	0.408163265306	0.125	0.30612244898	0.0178571428571	0.34693877551	0.0714285714286
512	0.541666666667	0.237288135593	0.3125	0.0338983050847	0.416666666667	0.169491525424
513	0.0925925925926	0.0169491525424	0.037037037037	0.0	0.037037037037	0.0
514	0.395833333333	0.0877192982456	0.4375	0.0877192982456	0.520833333333	0.245614035088
515	0.294117647059	0.0526315789474	0.352941176471	0.0701754385965	0.274509803922	0.0877192982456
516	0.468085106383	0.160714285714	0.468085106383	0.25	0.36170212766	0.125
517	0.770833333333	0.543859649123	0.770833333333	0.543859649123	0.5	0.228070175439
518	0.42	0.206896551724	0.3	0.051724137931	0.58	0.224137931034
519	0.58	0.305084745763	0.62	0.305084745763	0.58	0.237288135593
520	0.452380952381	0.2	0.404761904762	0.109090909091	0.547619047619	0.218181818182
521	0.470588235294	0.116666666667	0.411764705882	0.0666666666667	0.450980392157	0.166666666667
522	0.4	0.237288135593	0.44	0.237288135593	0.44	0.237288135593
523	0.448979591837	0.107142857143	0.489795918367	0.107142857143	0.755102040816	0.392857142857
524	0.30612244898	0.148148148148	0.673469387755	0.574074074074	0.30612244898	0.12962962963

526	0.297872340426	0.0847457627119	0.0425531914894	0.0	0.0425531914894	0.0
527	0.468085106383	0.19298245614	0.446808510638	0.175438596491	0.468085106383	0.210526315789
528	0.2	0.0357142857143	0.3	0.0714285714286	0.46	0.285714285714
529	0.388888888889	0.120689655172	0.666666666667	0.51724137931	0.518518518519	0.379310344828
530	0.326530612245	0.0701754385965	0.428571428571	0.105263157895	0.551020408163	0.263157894737
531	0.533333333333	0.288461538462	0.533333333333	0.326923076923	0.555555555556	0.307692307692
532	0.38	0.0847457627119	0.6	0.220338983051	0.36	0.0508474576271
533	0.558139534884	0.4	0.53488372093	0.36	0.488372093023	0.3
534	0.377777777778	0.0727272727273	0.377777777778	0.0727272727273	0.555555555556	0.163636363636
535	0.434782608696	0.192307692308	0.0217391304348	0.0	0.0217391304348	0.0
536	0.531914893617	0.272727272727	0.0425531914894	0.0	0.0425531914894	0.0
537	0.347826086957	0.155172413793	0.369565217391	0.137931034483	0.717391304348	0.431034482759
538	0.730769230769	0.310344827586	0.346153846154	0.0172413793103	0.75	0.362068965517
539	0.218181818182	0.0333333333333	0.309090909091	0.0333333333333	0.236363636364	0.0333333333333
540	0.377777777778	0.157894736842	0.577777777778	0.298245614035	0.422222222222	0.210526315789
541	0.595744680851	0.327586206897	0.510638297872	0.137931034483	0.872340425532	0.568965517241
542	0.54	0.25	0.64	0.303571428571	0.66	0.375
543	0.454545454545	0.267857142857	0.363636363636	0.107142857143	0.545454545455	0.321428571429
544	0.386363636364	0.0727272727273	0.386363636364	0.0	0.727272727273	0.472727272727

546	0.133333333333	0.0	0.0444444444444	0.0	0.0444444444444	0.0
547	0.26	0.0833333333333	0.34	0.2	0.28	0.0833333333333
548	0.38	0.051724137931	0.4	0.051724137931	0.52	0.137931034483
549	0.261904761905	0.0392156862745	0.0238095238095	0.0	0.0238095238095	0.0
550	0.7	0.396226415094	0.58	0.245283018868	0.76	0.433962264151
551	0.52	0.421052631579	0.34	0.0701754385965	0.78	0.684210526316
552	0.454545454545	0.160714285714	0.363636363636	0.142857142857	0.454545454545	0.160714285714
553	0.659574468085	0.372881355932	0.553191489362	0.203389830508	0.489361702128	0.135593220339
554	0.442307692308	0.120689655172	0.346153846154	0.051724137931	0.519230769231	0.137931034483
555	0.704545454545	0.298245614035	0.727272727273	0.298245614035	0.590909090909	0.263157894737
556	0.547619047619	0.150943396226	0.404761904762	0.0754716981132	0.642857142857	0.150943396226
557	0.434782608696	0.175438596491	0.630434782609	0.385964912281	0.391304347826	0.175438596491
558	0.304347826087	0.0	0.391304347826	0.120689655172	0.478260869565	0.189655172414
559	0.520833333333	0.298245614035	0.75	0.508771929825	0.854166666667	0.578947368421
560	0.297872340426	0.0338983050847	0.36170212766	0.0169491525424	0.31914893617	0.0169491525424
561	0.11320754717	0.0	0.22641509434	0.0169491525424	0.283018867925	0.101694915254

563	0.43137254902	0.1	0.352941176471	0.0666666666667	0.549019607843	0.316666666667
564	0.5	0.122807017544	0.521739130435	0.122807017544	0.717391304348	0.40350877193
565	0.313725490196	0.183333333333	0.0392156862745	0.0	0.0392156862745	0.0
566	0.36170212766	0.101694915254	0.36170212766	0.0508474576271	0.36170212766	0.0847457627119
567	0.230769230769	0.0833333333333	0.269230769231	0.0833333333333	0.326923076923	0.133333333333
568	0.326086956522	0.103448275862	0.0434782608696	0.0	0.0434782608696	0.0
569	0.345454545455	0.101694915254	0.381818181818	0.135593220339	0.290909090909	0.0169491525424
570	0.326530612245	0.0338983050847	0.387755102041	0.0677966101695	0.367346938776	0.0847457627119
571	0.34	0.152542372881	0.04	0.0	0.04	0.0

573	0.282608695652	0.111111111111	0.391304347826	0.0555555555556	0.630434782609	0.407407407407
574	0.510638297872	0.28813559322	0.382978723404	0.169491525424	0.510638297872	0.305084745763
575	0.208333333333	0.0689655172414	0.270833333333	0.0862068965517	0.395833333333	0.206896551724
576	0.369565217391	0.109090909091	0.347826086957	0.127272727273	0.347826086957	0.0909090909091
577	0.425925925926	0.0677966101695	0.462962962963	0.0677966101695	0.555555555556	0.0847457627119
578	0.25	0.0166666666667	0.395833333333	0.25	0.354166666667	0.133333333333
579	0.511111111111	0.275862068966	0.4	0.137931034483	0.444444444444	0.241379310345
580	0.431818181818	0.142857142857	0.477272727273	0.214285714286	0.636363636364	0.267857142857
581	0.26	0.0862068965517	0.28	0.051724137931	0.46	0.155172413793
582	0.224489795918	0.0172413793103	0.285714285714	0.0344827586207	0.34693877551	0.0689655172414
583	0.391304347826	0.0701754385965	0.369565217391	0.105263157895	0.54347826087	0.157894736842
584	0.265306122449	0.0175438596491	0.326530612245	0.0701754385965	0.367346938776	0.210526315789
585	0.5	0.0862068965517	0.428571428571	0.0862068965517	0.452380952381	0.120689655172
586	0.382978723404	0.11320754717	0.531914893617	0.132075471698	0.404255319149	0.11320754717
587	0.686274509804	0.280701754386	0.549019607843	0.19298245614	0.411764705882	0.122807017544
588	0.416666666667	0.133333333333	0.395833333333	0.1	0.458333333333	0.2
589	0.42	0.0833333333333	0.44	0.0833333333333	0.68	0.416666666667
590	0.511111111111	0.169491525424	0.622222222222	0.203389830508	0.488888888889	0.101694915254
591	0.461538461538	0.116666666667	0.365384615385	0.0166666666667	0.653846153846	0.283333333333
592	0.604166666667	0.444444444444	0.604166666667	0.462962962963	0.208333333333	0.0555555555556
593	0.320754716981	0.135593220339	0.339622641509	0.0338983050847	0.471698113208	0.135593220339
594	0.454545454545	0.155172413793	0.545454545455	0.258620689655	0.545454545455	0.258620689655
595	0.272727272727	0.0169491525424	0.0363636363636	0.0	0.0363636363636	0.0

597	0.595744680851	0.327586206897	0.31914893617	0.0689655172414	0.617021276596	0.327586206897
598	0.30612244898	0.0185185185185	0.285714285714	0.037037037037	0.510204081633	0.277777777778
599	0.358490566038	0.0333333333333	0.735849056604	0.266666666667	0.754716981132	0.316666666667
600	0.36	0.051724137931	0.32	0.051724137931	0.38	0.103448275862
601	0.348837209302	0.0980392156863	0.418604651163	0.078431372549	0.441860465116	0.0392156862745
602	0.270833333333	0.0943396226415	0.375	0.207547169811	0.479166666667	0.264150943396
603	0.229166666667	0.0892857142857	0.0416666666667	0.0	0.0416666666667	0.0
604	0.44	0.0877192982456	0.38	0.0350877192982	0.52	0.210526315789
605	0.5625	0.327586206897	0.583333333333	0.362068965517	0.5625	0.275862068966
606	0.549019607843	0.189655172414	0.352941176471	0.0862068965517	0.450980392157	0.137931034483
607	0.54347826087	0.18	0.717391304348	0.34	0.652173913043	0.32
608	0.36170212766	0.152542372881	0.382978723404	0.152542372881	0.617021276596	0.372881355932
609	0.530612244898	0.275862068966	0.469387755102	0.137931034483	0.734693877551	0.48275862069
610	0.369565217391	0.0526315789474	0.347826086957	0.0526315789474	0.45652173913	0.210526315789
611	0.395833333333	0.0862068965517	0.4375	0.0862068965517	0.3125	0.0689655172414
612	0.425531914894	0.137931034483	0.404255319149	0.103448275862	0.468085106383	0.0862068965517
613	0.44	0.103448275862	0.5	0.172413793103	0.5	0.172413793103
614	0.592592592593	0.266666666667	0.592592592593	0.266666666667	0.611111111111	0.35
615	0.632653061224	0.4	0.673469387755	0.416666666667	0.632653061224	0.45
616	0.448979591837	0.339285714286	0.0204081632653	0.0	0.0204081632653	0.0
617	0.377358490566	0.0338983050847	0.339622641509	0.0169491525424	0.415094339623	0.0847457627119
618	0.269230769231	0.051724137931	0.538461538462	0.327586206897	0.615384615385	0.379310344828
619	0.377777777778	0.120689655172	0.444444444444	0.172413793103	0.444444444444	0.189655172414
620	0.392156862745	0.0833333333333	0.333333333333	0.0333333333333	0.392156862745	0.0666666666667
621	0.5	0.0535714285714	0.32	0.0357142857143	0.38	0.0892857142857
622	0.480769230769	0.271186440678	0.461538461538	0.203389830508	0.615384615385	0.35593220339
623	0.5	0.271186440678	0.568181818182	0.28813559322	0.568181818182	0.28813559322
624	0.441860465116	0.12962962963	0.511627906977	0.166666666667	0.53488372093	0.296296296296
625	0.636363636364	0.178571428571	0.704545454545	0.321428571429	0.568181818182	0.178571428571
626	0.36170212766	0.206896551724	0.382978723404	0.137931034483	0.468085106383	0.241379310345
627	0.568181818182	0.351851851852	0.840909090909	0.62962962963	0.727272727273	0.5
628	0.346153846154	0.101694915254	0.461538461538	0.186440677966	0.326923076923	0.0677966101695
629	0.326530612245	0.258620689655	0.0408163265306	0.0	0.0408163265306	0.0
630	0.234042553191	0.0344827586207	0.255319148936	0.0344827586207	0.510638297872	0.0862068965517
631	0.48	0.203389830508	0.54	0.220338983051	0.54	0.220338983051
632	0.583333333333	0.157894736842	0.604166666667	0.175438596491	0.645833333333	0.315789473684
633	0.44	0.157894736842	0.34	0.0350877192982	0.5	0.19298245614
634	0.313725490196	0.0344827586207	0.313725490196	0.0172413793103	0.411764705882	0.051724137931
635	0.311111111111	0.0344827586207	0.511111111111	0.224137931034	0.444444444444	0.224137931034
636	0.780487804878	0.436363636364	0.512195121951	0.163636363636	0.707317073171	0.472727272727
637	0.673913043478	0.474576271186	0.45652173913	0.220338983051	0.5	0.271186440678
638	0.333333333333	0.05	0.490196078431	0.1	0.470588235294	0.1
639	0.224489795918	0.0333333333333	0.0612244897959	0.0	0.0612244897959	0.0
640	0.44	0.2	0.5	0.266666666667	0.42	0.183333333333
641	0.347826086957	0.135593220339	0.45652173913	0.220338983051	0.478260869565	0.186440677966
642	0.54347826087	0.232142857143	0.521739130435	0.160714285714	0.54347826087	0.25
643	0.365384615385	0.137931034483	0.288461538462	0.0172413793103	0.326923076923	0.137931034483
644	0.239130434783	0.0655737704918	0.0652173913043	0.0	0.0652173913043	0.0
645	0.470588235294	0.118644067797	0.470588235294	0.118644067797	0.43137254902	0.118644067797
646	0.260869565217	0.0	0.565217391304	0.298245614035	0.54347826087	0.245614035088
647	0.45652173913	0.188679245283	0.0217391304348	0.0	0.0217391304348	0.0
648	0.46	0.169491525424	0.6	0.28813559322	0.56	0.220338983051
649	0.488372093023	0.272727272727	0.0232558139535	0.0	0.0232558139535	0.0
650	0.224489795918	0.0689655172414	0.0408163265306	0.0	0.0408163265306	0.0
651	0.469387755102	0.372881355932	0.30612244898	0.0677966101695	0.489795918367	0.35593220339
652	0.604651162791	0.290909090909	0.604651162791	0.309090909091	0.511627906977	0.254545454545
653	0.288888888889	0.0545454545455	0.311111111111	0.0545454545455	0.311111111111	0.0727272727273
654	0.421052631579	0.12	0.473684210526	0.14	0.5	0.12
655	0.31914893617	0.172413793103	0.510638297872	0.241379310345	0.382978723404	0.206896551724
656	0.3125	0.0	0.416666666667	0.1	0.583333333333	0.266666666667
657	0.571428571429	0.344827586207	0.30612244898	0.0862068965517	0.326530612245	0.0862068965517
658	0.340425531915	0.0714285714286	0.425531914894	0.0535714285714	0.425531914894	0.160714285714
659	0.340909090909	0.111111111111	0.431818181818	0.166666666667	0.522727272727	0.203703703704
660	0.434782608696	0.0333333333333	0.478260869565	0.0666666666667	0.369565217391	0.116666666667
661	0.551020408163	0.263157894737	0.428571428571	0.280701754386	0.714285714286	0.491228070175
662	0.404255319149	0.101694915254	0.340425531915	0.0338983050847	0.425531914894	0.169491525424
663	0.295454545455	0.122807017544	0.272727272727	0.0350877192982	0.5	0.19298245614
664	0.125	0.0166666666667	0.166666666667	0.0	0.291666666667	0.05
665	0.36170212766	0.264150943396	0.0212765957447	0.0	0.0212765957447	0.0
666	0.245283018868	0.0169491525424	0.396226415094	0.118644067797	0.584905660377	0.28813559322
667	0.468085106383	0.178571428571	0.340425531915	0.0	0.595744680851	0.321428571429
668	0.282608695652	0.0	0.521739130435	0.224137931034	0.108695652174	0.0
669	0.392156862745	0.0714285714286	0.529411764706	0.107142857143	0.411764705882	0.0535714285714
670	0.272727272727	0.0555555555556	0.272727272727	0.037037037037	0.409090909091	0.185185185185
671	0.511627906977	0.214285714286	0.418604651163	0.0892857142857	0.581395348837	0.303571428571
672	0.229166666667	0.0350877192982	0.270833333333	0.0350877192982	0.354166666667	0.122807017544
673	0.428571428571	0.156862745098	0.428571428571	0.21568627451	0.47619047619	0.274509803922
674	0.568181818182	0.350877192982	0.0454545454545	0.0	0.0454545454545	0.0
675	0.42	0.101694915254	0.4	0.0847457627119	0.38	0.0677966101695
676	0.658536585366	0.37037037037	0.609756097561	0.314814814815	0.536585365854	0.296296296296
677	0.387755102041	0.140350877193	0.30612244898	0.122807017544	0.30612244898	0.122807017544
678	0.413043478261	0.0392156862745	0.326086956522	0.0	0.369565217391	0.0392156862745
679	0.404255319149	0.254237288136	0.297872340426	0.0508474576271	0.148936170213	0.0169491525424
680	0.58	0.314814814815	0.6	0.314814814815	0.56	0.314814814815
681	0.428571428571	0.172413793103	0.489795918367	0.103448275862	0.469387755102	0.137931034483
682	0.326923076923	0.101694915254	0.365384615385	0.0847457627119	0.653846153846	0.423728813559
683	0.468085106383	0.203389830508	0.404255319149	0.0677966101695	0.723404255319	0.542372881356
684	0.377777777778	0.122448979592	0.377777777778	0.122448979592	0.533333333333	0.30612244898
685	0.5625	0.285714285714	0.583333333333	0.25	0.541666666667	0.232142857143

687	0.608695652174	0.224137931034	0.782608695652	0.431034482759	0.717391304348	0.431034482759
688	0.37037037037	0.166666666667	0.388888888889	0.133333333333	0.425925925926	0.15
689	0.521739130435	0.214285714286	0.652173913043	0.482142857143	0.608695652174	0.267857142857
690	0.4375	0.218181818182	0.541666666667	0.254545454545	0.604166666667	0.327272727273
691	0.468085106383	0.137931034483	0.531914893617	0.155172413793	0.489361702128	0.137931034483
692	0.02	0.0	0.04	0.0	0.04	0.0
693	0.02	0.0	0.04	0.0	0.04	0.0
694	0.533333333333	0.0862068965517	0.4	0.189655172414	0.666666666667	0.275862068966
695	0.106382978723	0.0	0.31914893617	0.160714285714	0.31914893617	0.107142857143
696	0.166666666667	0.0555555555556	0.4375	0.185185185185	0.583333333333	0.425925925926
697	0.413043478261	0.0701754385965	0.413043478261	0.0701754385965	0.369565217391	0.0701754385965
698	0.333333333333	0.0701754385965	0.404761904762	0.0701754385965	0.309523809524	0.0701754385965
699	0.352941176471	0.258620689655	0.352941176471	0.189655172414	0.450980392157	0.206896551724
700	0.234042553191	0.0714285714286	0.404255319149	0.160714285714	0.468085106383	0.214285714286
701	0.34693877551	0.0357142857143	0.408163265306	0.0535714285714	0.632653061224	0.339285714286
702	0.444444444444	0.134615384615	0.361111111111	0.115384615385	0.5	0.192307692308
703	0.239130434783	0.0677966101695	0.0217391304348	0.0	0.0217391304348	0.0
704	0.311111111111	0.160714285714	0.0444444444444	0.0	0.0444444444444	0.0
705	0.46	0.0833333333333	0.42	0.116666666667	0.32	0.0666666666667
706	0.738095238095	0.571428571429	0.52380952381	0.142857142857	0.714285714286	0.589285714286
707	0.490196078431	0.116666666667	0.372549019608	0.15	0.372549019608	0.15
708	0.644444444444	0.264150943396	0.266666666667	0.0566037735849	0.711111111111	0.452830188679
709	0.418604651163	0.178571428571	0.0697674418605	0.0	0.046511627907	0.0
710	0.387755102041	0.166666666667	0.204081632653	0.0	0.428571428571	0.233333333333
711	0.613636363636	0.186440677966	0.522727272727	0.135593220339	0.590909090909	0.152542372881
712	0.519230769231	0.15	0.519230769231	0.15	0.538461538462	0.183333333333
713	0.36170212766	0.175438596491	0.234042553191	0.0175438596491	0.468085106383	0.245614035088
714	0.0232558139535	0.0	0.046511627907	0.0	0.046511627907	0.0
715	0.487804878049	0.196078431373	0.512195121951	0.21568627451	0.439024390244	0.196078431373
716	0.638888888889	0.348837209302	0.638888888889	0.348837209302	0.861111111111	0.720930232558
717	0.448979591837	0.103448275862	0.408163265306	0.0689655172414	0.734693877551	0.431034482759
718	0.5	0.258620689655	0.44	0.155172413793	0.68	0.396551724138
719	0.56862745098	0.25	0.607843137255	0.216666666667	0.666666666667	0.316666666667
720	0.0833333333333	0.0	0.1875	0.0	0.625	0.350877192982
721	0.34	0.206896551724	0.22	0.0862068965517	0.46	0.293103448276
722	0.688888888889	0.5	0.711111111111	0.5	0.866666666667	0.62
723	0.354166666667	0.116666666667	0.354166666667	0.1	0.479166666667	0.183333333333
724	0.354166666667	0.228070175439	0.354166666667	0.245614035088	0.4375	0.228070175439
725	0.274509803922	0.0862068965517	0.0392156862745	0.0	0.0392156862745	0.0
726	0.382978723404	0.0666666666667	0.36170212766	0.1	0.425531914894	0.15
727	0.454545454545	0.309090909091	0.477272727273	0.309090909091	0.5	0.309090909091
728	0.259259259259	0.0	0.314814814815	0.0	0.462962962963	0.152542372881
729	0.244897959184	0.0172413793103	0.448979591837	0.258620689655	0.285714285714	0.0344827586207
730	0.479166666667	0.237288135593	0.416666666667	0.101694915254	0.270833333333	0.0169491525424
731	0.469387755102	0.133333333333	0.387755102041	0.05	0.367346938776	0.0666666666667
732	0.0217391304348	0.0	0.0434782608696	0.0	0.0434782608696	0.0
733	0.204545454545	0.0727272727273	0.227272727273	0.0181818181818	0.409090909091	0.145454545455
734	0.408163265306	0.125	0.408163265306	0.160714285714	0.428571428571	0.125
735	0.9	0.719298245614	0.54	0.298245614035	0.76	0.473684210526

737	0.313725490196	0.101694915254	0.43137254902	0.118644067797	0.392156862745	0.186440677966
738	0.313725490196	0.19298245614	0.0392156862745	0.0	0.0392156862745	0.0
739	0.479166666667	0.254237288136	0.0416666666667	0.0	0.0416666666667	0.0
740	0.571428571429	0.396551724138	0.387755102041	0.155172413793	0.551020408163	0.344827586207
741	0.266666666667	0.0816326530612	0.755555555556	0.612244897959	0.577777777778	0.469387755102
742	0.52	0.233333333333	0.58	0.216666666667	0.54	0.233333333333
743	0.275	0.0	0.45	0.236363636364	0.35	0.181818181818
744	0.487179487179	0.12	0.384615384615	0.12	0.461538461538	0.1
745	0.377358490566	0.183333333333	0.0377358490566	0.0	0.0377358490566	0.0
746	0.290909090909	0.0714285714286	0.236363636364	0.0178571428571	0.381818181818	0.107142857143
747	0.36	0.0175438596491	0.28	0.122807017544	0.46	0.122807017544
748	0.509433962264	0.135593220339	0.415094339623	0.169491525424	0.490566037736	0.203389830508

750	0.391304347826	0.140350877193	0.434782608696	0.175438596491	0.652173913043	0.491228070175
751	0.30612244898	0.0535714285714	0.367346938776	0.0357142857143	0.448979591837	0.214285714286
752	0.489795918367	0.220338983051	0.367346938776	0.0847457627119	0.551020408163	0.305084745763
753	0.55	0.142857142857	0.5	0.0892857142857	0.6	0.178571428571
754	0.645833333333	0.35593220339	0.645833333333	0.28813559322	0.458333333333	0.237288135593
755	0.468085106383	0.263157894737	0.191489361702	0.0175438596491	0.446808510638	0.245614035088
756	0.403846153846	0.0666666666667	0.365384615385	0.0166666666667	0.307692307692	0.05
757	0.32	0.116666666667	0.14	0.0166666666667	0.38	0.133333333333
758	0.183673469388	0.0333333333333	0.326530612245	0.1	0.387755102041	0.2
759	0.288461538462	0.05	0.288461538462	0.0333333333333	0.5	0.25
760	0.414634146341	0.125	0.536585365854	0.160714285714	0.609756097561	0.321428571429
761	0.634615384615	0.372881355932	0.615384615385	0.28813559322	0.596153846154	0.338983050847

763	0.541666666667	0.254237288136	0.229166666667	0.0338983050847	0.25	0.0338983050847
764	0.0217391304348	0.0	0.0217391304348	0.0	0.0217391304348	0.0
765	0.469387755102	0.120689655172	0.591836734694	0.275862068966	0.734693877551	0.5
766	0.384615384615	0.116666666667	0.403846153846	0.116666666667	0.576923076923	0.216666666667
767	0.0217391304348	0.0	0.0434782608696	0.0	0.0434782608696	0.0
768	0.644444444444	0.267857142857	0.488888888889	0.107142857143	0.688888888889	0.375
769	0.3125	0.137931034483	0.333333333333	0.0689655172414	0.375	0.137931034483
770	0.279069767442	0.111111111111	0.0697674418605	0.0	0.0697674418605	0.0
771	0.288461538462	0.0169491525424	0.5	0.28813559322	0.461538461538	0.28813559322
772	0.326530612245	0.105263157895	0.0204081632653	0.0	0.0204081632653	0.0
773	0.229166666667	0.0	0.291666666667	0.0	0.604166666667	0.322033898305

775	0.522727272727	0.232142857143	0.431818181818	0.0714285714286	0.75	0.428571428571
776	0.32	0.135593220339	0.48	0.152542372881	0.5	0.254237288136
777	0.22641509434	0.0333333333333	0.320754716981	0.1	0.377358490566	0.15
778	0.568181818182	0.314814814815	0.0681818181818	0.0	0.0681818181818	0.0
779	0.553191489362	0.267857142857	0.382978723404	0.0714285714286	0.68085106383	0.410714285714
780	0.391304347826	0.160714285714	0.0217391304348	0.0	0.0217391304348	0.0
781	0.0188679245283	0.0	0.0377358490566	0.0	0.0377358490566	0.0
782	0.471698113208	0.101694915254	0.415094339623	0.0677966101695	0.528301886792	0.118644067797
783	0.304347826087	0.0740740740741	0.434782608696	0.148148148148	0.630434782609	0.407407407407
784	0.469387755102	0.183333333333	0.387755102041	0.15	0.448979591837	0.133333333333
785	0.4	0.0677966101695	0.32	0.0338983050847	0.32	0.0677966101695
786	0.44	0.0666666666667	0.54	0.233333333333	0.62	0.333333333333
787	0.688888888889	0.448275862069	0.711111111111	0.48275862069	0.711111111111	0.465517241379
788	0.615384615385	0.166666666667	0.75	0.183333333333	0.442307692308	0.0833333333333
789	0.21568627451	0.0333333333333	0.294117647059	0.166666666667	0.56862745098	0.383333333333
790	0.254901960784	0.0	0.509803921569	0.228070175439	0.450980392157	0.175438596491
791	0.25	0.0350877192982	0.375	0.0350877192982	0.291666666667	0.0350877192982
792	0.3	0.0677966101695	0.26	0.0677966101695	0.38	0.169491525424
793	0.387755102041	0.155172413793	0.30612244898	0.0862068965517	0.591836734694	0.413793103448
794	0.444444444444	0.3	0.462962962963	0.3	0.481481481481	0.3
795	0.595744680851	0.413793103448	0.0425531914894	0.0	0.0425531914894	0.0
796	0.265306122449	0.118644067797	0.408163265306	0.169491525424	0.30612244898	0.0508474576271
797	0.290909090909	0.0166666666667	0.363636363636	0.2	0.254545454545	0.0
798	0.222222222222	0.0344827586207	0.266666666667	0.0172413793103	0.466666666667	0.206896551724
799	0.317073170732	0.08	0.0487804878049	0.0	0.0487804878049	0.0
800	0.388888888889	0.152542372881	0.240740740741	0.0338983050847	0.277777777778	0.0847457627119
801	0.314814814815	0.116666666667	0.611111111111	0.4	0.333333333333	0.1
802	0.372549019608	0.220338983051	0.0196078431373	0.0	0.0196078431373	0.0
803	0.390243902439	0.0566037735849	0.341463414634	0.0566037735849	0.536585365854	0.358490566038
804	0.409090909091	0.137931034483	0.454545454545	0.137931034483	0.454545454545	0.137931034483
805	0.520833333333	0.155172413793	0.625	0.293103448276	0.666666666667	0.413793103448
806	0.586956521739	0.344827586207	0.54347826087	0.258620689655	0.630434782609	0.344827586207
807	0.627450980392	0.372881355932	0.647058823529	0.372881355932	0.588235294118	0.389830508475
808	0.547169811321	0.2	0.641509433962	0.333333333333	0.471698113208	0.25
809	0.333333333333	0.116666666667	0.351851851852	0.133333333333	0.203703703704	0.0166666666667
810	0.217391304348	0.0508474576271	0.478260869565	0.169491525424	0.369565217391	0.118644067797
811	0.260869565217	0.0508474576271	0.413043478261	0.0847457627119	0.347826086957	0.152542372881
812	0.555555555556	0.296296296296	0.555555555556	0.296296296296	0.644444444444	0.314814814815
813	0.538461538462	0.137254901961	0.538461538462	0.137254901961	0.641025641026	0.21568627451
814	0.3	0.0172413793103	0.44	0.206896551724	0.52	0.189655172414
815	0.509433962264	0.216666666667	0.301886792453	0.05	0.566037735849	0.25
816	0.510638297872	0.101694915254	0.446808510638	0.101694915254	0.489361702128	0.237288135593
817	0.387755102041	0.172413793103	0.408163265306	0.103448275862	0.469387755102	0.206896551724
818	0.381818181818	0.166666666667	0.472727272727	0.0666666666667	0.745454545455	0.416666666667
819	0.325581395349	0.0727272727273	0.046511627907	0.0	0.046511627907	0.0
820	0.470588235294	0.135593220339	0.588235294118	0.220338983051	0.549019607843	0.220338983051
821	0.339622641509	0.0847457627119	0.377358490566	0.118644067797	0.264150943396	0.0508474576271
822	0.69387755102	0.428571428571	0.34693877551	0.0714285714286	0.714285714286	0.464285714286
823	0.588235294118	0.186440677966	0.607843137255	0.118644067797	0.470588235294	0.135593220339
824	0.603773584906	0.448275862069	0.339622641509	0.0689655172414	0.566037735849	0.413793103448
825	0.433962264151	0.135593220339	0.433962264151	0.0847457627119	0.301886792453	0.101694915254
826	0.44	0.0892857142857	0.56	0.142857142857	0.48	0.232142857143
827	0.391304347826	0.137931034483	0.521739130435	0.189655172414	0.478260869565	0.206896551724
828	0.4375	0.103448275862	0.395833333333	0.120689655172	0.520833333333	0.241379310345
829	0.36	0.12962962963	0.44	0.240740740741	0.46	0.240740740741
830	0.326530612245	0.0689655172414	0.326530612245	0.0689655172414	0.285714285714	0.0689655172414
831	0.428571428571	0.175438596491	0.367346938776	0.0877192982456	0.591836734694	0.228070175439
832	0.644444444444	0.305084745763	0.622222222222	0.169491525424	0.444444444444	0.135593220339
833	0.522727272727	0.214285714286	0.522727272727	0.267857142857	0.5	0.25
834	0.530612244898	0.166666666667	0.510204081633	0.15	0.673469387755	0.333333333333
835	0.183673469388	0.0175438596491	0.204081632653	0.0	0.265306122449	0.140350877193
836	0.68	0.271186440678	0.48	0.0677966101695	0.64	0.406779661017
837	0.52380952381	0.254237288136	0.619047619048	0.440677966102	0.595238095238	0.35593220339
838	0.272727272727	0.11320754717	0.363636363636	0.11320754717	0.295454545455	0.11320754717
839	0.348837209302	0.0566037735849	0.209302325581	0.0	0.395348837209	0.11320754717
840	0.2	0.0196078431373	0.266666666667	0.0588235294118	0.488888888889	0.196078431373
841	0.416666666667	0.137931034483	0.375	0.0689655172414	0.5	0.137931034483
842	0.461538461538	0.153846153846	0.487179487179	0.153846153846	0.538461538462	0.307692307692
843	0.458333333333	0.169491525424	0.375	0.0508474576271	0.416666666667	0.203389830508
844	0.702127659574	0.345454545455	0.468085106383	0.181818181818	0.574468085106	0.181818181818
845	0.333333333333	0.122807017544	0.422222222222	0.140350877193	0.577777777778	0.263157894737
846	0.34	0.232142857143	0.38	0.232142857143	0.38	0.107142857143
847	0.571428571429	0.406779661017	0.244897959184	0.0847457627119	0.734693877551	0.440677966102
848	0.173913043478	0.0	0.0434782608696	0.0	0.0434782608696	0.0
849	0.44	0.181818181818	0.18	0.0	0.16	0.0
850	0.529411764706	0.120689655172	0.313725490196	0.0172413793103	0.294117647059	0.051724137931
851	0.190476190476	0.04	0.238095238095	0.04	0.357142857143	0.08
852	0.326086956522	0.0754716981132	0.413043478261	0.0566037735849	0.326086956522	0.0754716981132
853	0.6	0.464285714286	0.22	0.0178571428571	0.56	0.464285714286
854	0.347826086957	0.0363636363636	0.391304347826	0.0545454545455	0.565217391304	0.327272727273
855	0.468085106383	0.207547169811	0.446808510638	0.132075471698	0.553191489362	0.188679245283
856	0.470588235294	0.169491525424	0.43137254902	0.0847457627119	0.666666666667	0.305084745763
857	0.391304347826	0.0877192982456	0.239130434783	0.0350877192982	0.282608695652	0.0350877192982
858	0.584905660377	0.316666666667	0.509433962264	0.316666666667	0.735849056604	0.466666666667
859	0.469387755102	0.1	0.408163265306	0.1	0.530612244898	0.183333333333
860	0.555555555556	0.203389830508	0.355555555556	0.0677966101695	0.511111111111	0.135593220339
861	0.318181818182	0.107142857143	0.295454545455	0.0892857142857	0.340909090909	0.107142857143
862	0.36	0.0689655172414	0.42	0.120689655172	0.38	0.0689655172414
863	0.4	0.162790697674	0.4	0.162790697674	0.228571428571	0.0
864	0.574468085106	0.218181818182	0.446808510638	0.0545454545455	0.531914893617	0.218181818182
865	0.613636363636	0.379310344828	0.386363636364	0.137931034483	0.590909090909	0.344827586207
866	0.5	0.315789473684	0.541666666667	0.333333333333	0.666666666667	0.491228070175
867	0.296296296296	0.133333333333	0.296296296296	0.166666666667	0.407407407407	0.15

869	0.491525423729	0.1	0.423728813559	0.1	0.525423728814	0.15
870	0.326086956522	0.142857142857	0.434782608696	0.142857142857	0.45652173913	0.160714285714
871	0.0227272727273	0.0	0.0454545454545	0.0	0.0454545454545	0.0
872	0.444444444444	0.298245614035	0.444444444444	0.210526315789	0.311111111111	0.0701754385965
873	0.555555555556	0.350877192982	0.511111111111	0.175438596491	0.4	0.105263157895
874	0.469387755102	0.120689655172	0.673469387755	0.327586206897	0.673469387755	0.396551724138
875	0.586956521739	0.19298245614	0.391304347826	0.140350877193	0.195652173913	0.0
876	0.44	0.0508474576271	0.5	0.0508474576271	0.54	0.203389830508
877	0.468085106383	0.196428571429	0.446808510638	0.142857142857	0.191489361702	0.0178571428571
878	0.479166666667	0.206896551724	0.166666666667	0.0172413793103	0.1875	0.0344827586207
879	0.291666666667	0.0701754385965	0.375	0.0877192982456	0.354166666667	0.140350877193
880	0.66	0.474576271186	0.56	0.440677966102	0.78	0.542372881356
881	0.48	0.0892857142857	0.5	0.142857142857	0.46	0.321428571429
882	0.413043478261	0.152542372881	0.304347826087	0.0508474576271	0.391304347826	0.118644067797
883	0.48	0.127272727273	0.44	0.109090909091	0.64	0.254545454545
884	0.787234042553	0.421052631579	0.617021276596	0.19298245614	0.63829787234	0.350877192982
885	0.38	0.15	0.02	0.0	0.02	0.0
886	0.395833333333	0.145454545455	0.333333333333	0.127272727273	0.354166666667	0.127272727273
887	0.558139534884	0.267857142857	0.604651162791	0.303571428571	0.744186046512	0.5
888	0.377777777778	0.118644067797	0.333333333333	0.0677966101695	0.377777777778	0.118644067797
889	0.469387755102	0.254237288136	0.204081632653	0.0677966101695	0.448979591837	0.203389830508
890	0.531914893617	0.351851851852	0.063829787234	0.0	0.063829787234	0.0
891	0.411764705882	0.118644067797	0.450980392157	0.101694915254	0.627450980392	0.254237288136
892	0.173913043478	0.0181818181818	0.0434782608696	0.0	0.0434782608696	0.0
893	0.375	0.109090909091	0.375	0.127272727273	0.5	0.145454545455
894	0.519230769231	0.228070175439	0.461538461538	0.105263157895	0.596153846154	0.368421052632

896	0.2	0.0	0.266666666667	0.037037037037	0.622222222222	0.351851851852
897	0.340425531915	0.0689655172414	0.297872340426	0.0344827586207	0.574468085106	0.310344827586
898	0.5	0.274509803922	0.272727272727	0.0196078431373	0.477272727273	0.294117647059
899	0.622222222222	0.310344827586	0.622222222222	0.241379310345	0.511111111111	0.172413793103
900	0.0222222222222	0.0	0.0222222222222	0.0	0.0222222222222	0.0
901	0.454545454545	0.0833333333333	0.254545454545	0.0166666666667	0.363636363636	0.05
902	0.390243902439	0.0769230769231	0.414634146341	0.0961538461538	0.658536585366	0.461538461538
903	0.47619047619	0.18	0.47619047619	0.14	0.380952380952	0.06
904	0.384615384615	0.0526315789474	0.634615384615	0.40350877193	0.461538461538	0.228070175439
905	0.313725490196	0.0833333333333	0.235294117647	0.0	0.333333333333	0.0833333333333
906	0.266666666667	0.0847457627119	0.222222222222	0.0508474576271	0.311111111111	0.0847457627119
907	0.428571428571	0.0847457627119	0.387755102041	0.135593220339	0.387755102041	0.0338983050847
908	0.177777777778	0.0	0.2	0.0	0.466666666667	0.22641509434
909	0.224489795918	0.0526315789474	0.387755102041	0.228070175439	0.448979591837	0.263157894737
910	0.54347826087	0.264150943396	0.695652173913	0.471698113208	0.695652173913	0.433962264151
911	0.45652173913	0.254237288136	0.478260869565	0.203389830508	0.369565217391	0.118644067797
912	0.333333333333	0.118644067797	0.333333333333	0.0677966101695	0.470588235294	0.254237288136
913	0.259259259259	0.0172413793103	0.333333333333	0.051724137931	0.333333333333	0.0862068965517
914	0.725490196078	0.406779661017	0.607843137255	0.254237288136	0.666666666667	0.372881355932
915	0.461538461538	0.333333333333	0.711538461538	0.55	0.711538461538	0.55
916	0.450980392157	0.272727272727	0.450980392157	0.272727272727	0.56862745098	0.345454545455
917	0.519230769231	0.271186440678	0.75	0.474576271186	0.5	0.254237288136
918	0.416666666667	0.157894736842	0.479166666667	0.140350877193	0.520833333333	0.298245614035
919	0.3125	0.137931034483	0.25	0.0344827586207	0.5625	0.258620689655
920	0.387755102041	0.186440677966	0.408163265306	0.186440677966	0.428571428571	0.203389830508
921	0.422222222222	0.132075471698	0.644444444444	0.169811320755	0.577777777778	0.150943396226
922	0.309523809524	0.101694915254	0.047619047619	0.0	0.047619047619	0.0
923	0.36170212766	0.142857142857	0.382978723404	0.0892857142857	0.36170212766	0.142857142857
924	0.3	0.0689655172414	0.46	0.327586206897	0.42	0.206896551724
925	0.0208333333333	0.0	0.0625	0.0	0.0625	0.0
926	0.652173913043	0.358490566038	0.369565217391	0.11320754717	0.565217391304	0.339622641509
927	0.346153846154	0.101694915254	0.134615384615	0.0	0.461538461538	0.254237288136
928	0.466666666667	0.228070175439	0.0222222222222	0.0	0.0222222222222	0.0
929	0.52	0.203389830508	0.48	0.118644067797	0.78	0.508474576271
930	0.466666666667	0.172413793103	0.466666666667	0.172413793103	0.311111111111	0.0862068965517
931	0.468085106383	0.0689655172414	0.446808510638	0.051724137931	0.595744680851	0.275862068966
932	0.571428571429	0.224137931034	0.469387755102	0.120689655172	0.551020408163	0.224137931034
933	0.3	0.0689655172414	0.04	0.0	0.04	0.0
934	0.307692307692	0.0192307692308	0.230769230769	0.0	0.512820512821	0.307692307692
935	0.377777777778	0.0545454545455	0.333333333333	0.0727272727273	0.444444444444	0.0727272727273
936	0.45652173913	0.15	0.413043478261	0.0666666666667	0.478260869565	0.166666666667
937	0.54347826087	0.210526315789	0.304347826087	0.0350877192982	0.54347826087	0.245614035088
938	0.413043478261	0.160714285714	0.565217391304	0.285714285714	0.54347826087	0.285714285714
939	0.3125	0.0677966101695	0.3125	0.0677966101695	0.395833333333	0.0508474576271
940	0.625	0.339285714286	0.4375	0.142857142857	0.729166666667	0.392857142857
941	0.301886792453	0.0	0.509433962264	0.169491525424	0.433962264151	0.101694915254
942	0.34693877551	0.122807017544	0.0408163265306	0.0	0.0408163265306	0.0
943	0.392156862745	0.218181818182	0.392156862745	0.218181818182	0.450980392157	0.290909090909

945	0.260869565217	0.0169491525424	0.0434782608696	0.0	0.0434782608696	0.0
946	0.46511627907	0.142857142857	0.558139534884	0.107142857143	0.790697674419	0.357142857143
947	0.204081632653	0.0	0.244897959184	0.0172413793103	0.632653061224	0.275862068966
948	0.365384615385	0.169491525424	0.346153846154	0.118644067797	0.5	0.220338983051
949	0.348837209302	0.0714285714286	0.302325581395	0.0	0.302325581395	0.0714285714286
950	0.528301886792	0.186440677966	0.415094339623	0.0847457627119	0.452830188679	0.237288135593
951	0.391304347826	0.0566037735849	0.521739130435	0.0943396226415	0.565217391304	0.169811320755
952	0.521739130435	0.245614035088	0.565217391304	0.245614035088	0.54347826087	0.245614035088
953	0.274509803922	0.101694915254	0.392156862745	0.169491525424	0.294117647059	0.118644067797
954	0.625	0.280701754386	0.541666666667	0.245614035088	0.75	0.508771929825
955	0.311111111111	0.0862068965517	0.377777777778	0.137931034483	0.577777777778	0.413793103448
956	0.64	0.305084745763	0.5	0.237288135593	0.8	0.491525423729
957	0.458333333333	0.210526315789	0.354166666667	0.140350877193	0.458333333333	0.19298245614
958	0.36170212766	0.155172413793	0.446808510638	0.137931034483	0.382978723404	0.155172413793
959	0.441860465116	0.21568627451	0.441860465116	0.117647058824	0.53488372093	0.333333333333
960	0.468085106383	0.19298245614	0.659574468085	0.350877192982	0.63829787234	0.350877192982
961	0.347826086957	0.178571428571	0.0434782608696	0.0	0.0434782608696	0.0
962	0.44	0.232142857143	0.46	0.339285714286	0.52	0.285714285714
963	0.428571428571	0.210526315789	0.238095238095	0.0	0.428571428571	0.19298245614
964	0.191489361702	0.0	0.36170212766	0.0526315789474	0.468085106383	0.175438596491
965	0.42	0.155172413793	0.5	0.241379310345	0.4	0.155172413793
966	0.739130434783	0.362068965517	0.695652173913	0.293103448276	0.739130434783	0.413793103448
967	0.591836734694	0.2	0.632653061224	0.233333333333	0.551020408163	0.233333333333
968	0.58	0.0727272727273	0.56	0.0727272727273	0.56	0.109090909091
969	0.428571428571	0.19298245614	0.244897959184	0.0526315789474	0.326530612245	0.122807017544

971	0.608695652174	0.272727272727	0.326086956522	0.0181818181818	0.739130434783	0.381818181818
972	0.596153846154	0.3	0.538461538462	0.233333333333	0.596153846154	0.3
973	0.222222222222	0.0172413793103	0.240740740741	0.0172413793103	0.222222222222	0.051724137931
974	0.452380952381	0.235294117647	0.452380952381	0.156862745098	0.666666666667	0.372549019608
975	0.19512195122	0.0192307692308	0.0487804878049	0.0	0.0731707317073	0.0
976	0.529411764706	0.254237288136	0.509803921569	0.254237288136	0.588235294118	0.338983050847
977	0.340909090909	0.206896551724	0.0454545454545	0.0	0.0454545454545	0.0
978	0.468085106383	0.118644067797	0.404255319149	0.152542372881	0.531914893617	0.203389830508
979	0.469387755102	0.275862068966	0.510204081633	0.310344827586	0.428571428571	0.224137931034
980	0.384615384615	0.0508474576271	0.365384615385	0.0338983050847	0.346153846154	0.0508474576271
981	0.191489361702	0.0172413793103	0.0425531914894	0.0	0.0425531914894	0.0
982	0.5	0.203703703704	0.047619047619	0.0	0.047619047619	0.0
983	0.311111111111	0.0175438596491	0.4	0.0350877192982	0.511111111111	0.210526315789
984	0.446808510638	0.220338983051	0.574468085106	0.305084745763	0.659574468085	0.305084745763
985	0.224489795918	0.0181818181818	0.326530612245	0.0727272727273	0.530612244898	0.345454545455
986	0.413043478261	0.280701754386	0.0434782608696	0.0	0.0434782608696	0.0
987	0.487804878049	0.214285714286	0.487804878049	0.25	0.463414634146	0.214285714286
988	0.169811320755	0.051724137931	0.283018867925	0.0689655172414	0.169811320755	0.051724137931
989	0.418604651163	0.203703703704	0.418604651163	0.0555555555556	0.418604651163	0.203703703704
990	0.4375	0.172413793103	0.270833333333	0.051724137931	0.458333333333	0.189655172414
991	0.377777777778	0.145454545455	0.444444444444	0.163636363636	0.8	0.527272727273
992	0.452830188679	0.116666666667	0.547169811321	0.166666666667	0.660377358491	0.316666666667
993	0.195652173913	0.0392156862745	0.347826086957	0.0588235294118	0.260869565217	0.0196078431373
994	0.0222222222222	0.0	0.0222222222222	0.0	0.0222222222222	0.0
995	0.58	0.305084745763	0.56	0.389830508475	0.56	0.389830508475
996	0.388888888889	0.233333333333	0.222222222222	0.0166666666667	0.425925925926	0.25
997	0.395833333333	0.25	0.0416666666667	0.0	0.0416666666667	0.0
998	0.591836734694	0.19298245614	0.551020408163	0.210526315789	0.469387755102	0.140350877193
999	0.408163265306	0.101694915254	0.387755102041	0.0677966101695	0.428571428571	0.220338983051
1000	0.46	0.135593220339	0.46	0.135593220339	0.44	0.0847457627119
1001	0.255813953488	0.0862068965517	0.186046511628	0.0344827586207	0.674418604651	0.51724137931
1002	0.673469387755	0.389830508475	0.408163265306	0.152542372881	0.795918367347	0.542372881356
1003	0.333333333333	0.116666666667	0.0392156862745	0.0	0.0392156862745	0.0
1004	0.145833333333	0.0	0.145833333333	0.0	0.3125	0.2
1005	0.358490566038	0.137931034483	0.245283018868	0.0689655172414	0.547169811321	0.310344827586
1006	0.326923076923	0.0333333333333	0.346153846154	0.15	0.5	0.35
1007	0.413043478261	0.224137931034	0.391304347826	0.189655172414	0.565217391304	0.293103448276
1008	0.444444444444	0.140350877193	0.488888888889	0.140350877193	0.355555555556	0.0877192982456
1009	0.222222222222	0.0416666666667	0.0555555555556	0.0	0.0555555555556	0.0
1010	0.511